,City,Cloudiness,Country,Date,Humidity,Lat,Lng,Max Temp,Wind Speed
0,new norfolk,75,LR,1603842859,94,6.65,-10.59,26.0,0.18
1,casablanca,0,MA,1603842821,93,33.59,-7.62,16.67,2.6
2,monrovia,75,LR,1603842860,94,6.3,-10.8,26.0,4.26
3,klaksvik,92,FO,1603842764,86,62.23,-6.59,8.15,10.23
4,half moon bay,75,LR,1603842860,94,6.38,-10.7,26.0,1.66
5,vaini,4,TO,1603842860,76,-21.2,-175.2,22.91,12.1
6,ribeira grande,75,ES,1603842860,93,42.75,-8.44,13.89,1.5
7,cape town,75,CL,1603842860,62,-36.41,-71.9,13.0,3.6
8,cherskiy,100,RU,1603842861,92,68.75,161.3,-10.01,3.97
9,jamestown,90,US,1603842765,100,42.1,-79.24,5.0,1.56
10,mar del plata,75,ES,1603842861,100,43.4,-4.01,15.0,2.6
11,rikitea,100,PF,1603842861,83,-23.12,-134.97,24.13,7.13
12,severo-kurilsk,9,RU,1603842717,78,50.68,156.12,7.33,2.6
13,fort saint john,100,NL,1603842861,92,52.65,6.39,10.56,0.89
14,champerico,40,GT,1603842862,66,14.3,-91.92,30.0,3.1
15,sao filipe,0,IN,1603842862,50,20.51,76.21,19.38,1.07
16,castro,0,BR,1603842862,63,-24.79,-50.01,15.95,1.71
17,hilo,90,US,1603842862,78,19.73,-155.09,27.0,3.64
18,gornopravdinsk,76,RU,1603842862,95,60.05,69.9,-10.06,3.61
19,harrisburg,90,US,1603842706,62,40.27,-76.88,14.0,1.84
20,clarence town,90,US,1603842862,81,42.98,-78.59,6.11,3.6
21,nikolskoye,90,RU,1603842863,87,59.7,30.79,11.11,4.0
22,hobart,75,AU,1603842786,66,-42.88,147.33,14.44,4.1
23,chokurdakh,100,RU,1603842863,97,70.63,147.92,-10.93,1.26
24,roma,90,US,1603842618,87,43.21,-75.46,6.11,1.63
25,bereda,99,ES,1603842863,100,43.27,-7.54,12.22,3.13
26,bluff,14,NZ,1603842863,64,-46.6,168.33,14.44,1.79
27,lebu,98,CL,1603842844,82,-37.62,-73.65,10.4,5.5
28,geraldton,90,AU,1603842864,60,-28.77,114.6,20.0,7.7
29,pisco,0,PE,1603842864,77,-13.7,-76.22,18.0,8.7
30,faanui,91,PF,1603842864,82,-16.48,-151.75,26.63,8.37
31,saint-augustin,82,CA,1603842864,90,51.23,-58.65,-0.42,1.73
32,busselton,14,AU,1603842864,93,-33.65,115.33,15.56,3.69
33,port lincoln,73,CD,1603842864,61,-7.03,29.76,24.35,1.48
34,avarua,100,CK,1603842685,78,-21.21,-159.78,23.0,3.1
35,wewak,75,PG,1603842865,74,-3.55,143.63,28.41,1.74
36,kassala,0,SD,1603842865,48,15.45,36.4,26.51,3.29
37,barrow,75,US,1603842709,63,71.29,-156.79,-1.0,8.7
38,east london,75,IS,1603842865,95,65.0,-15.0,1.0,3.1
39,jalu,11,LY,1603842570,41,29.03,21.55,21.72,4.76
40,ajacuba,89,MX,1603842866,34,20.09,-99.11,17.19,2.59
41,mareeba,20,AU,1603842866,58,-17.0,145.43,29.0,4.1
42,ushuaia,40,AR,1603842647,39,-54.8,-68.3,8.0,3.6
43,miyako,1,JP,1603842866,55,39.64,141.95,14.23,0.11
44,kodiak,40,US,1603842710,68,57.79,-152.41,8.0,3.1
45,sungairaya,90,ID,1603842866,83,0.7,108.9,26.26,3.76
46,ancud,90,CL,1603842866,93,-41.87,-73.82,8.89,6.7
47,hermanus,100,ZA,1603842867,93,-34.42,19.23,16.11,0.89
48,mana,90,GF,1603842867,80,5.66,-53.78,27.06,4.46
49,krasnoselkup,0,RU,1603842867,88,65.7,82.47,-18.58,6.82
50,anchorage,90,US,1603842751,86,61.22,-149.9,1.11,1.18
51,saskylakh,98,RU,1603842572,92,71.92,114.08,-14.89,4.7
52,bandarbeyla,9,SO,1603842744,80,9.49,50.81,23.77,1.5
53,colomi,20,BO,1603842867,31,-17.35,-65.87,23.0,6.2
54,axim,100,GH,1603842868,86,4.87,-2.24,25.78,3.0
55,srandakan,89,ID,1603842868,80,-7.94,110.25,26.35,2.7
56,bria,99,CF,1603842868,91,6.54,21.99,21.43,0.53
57,lompoc,1,US,1603842762,40,34.64,-120.46,21.0,4.6
58,saint-vallier,96,FR,1603842868,76,46.64,4.37,12.0,2.6
59,butaritari,98,KI,1603842868,66,3.07,172.79,27.21,1.98
60,yuanping,100,CN,1603842869,46,38.72,112.76,7.27,1.36
61,yellowknife,75,CA,1603842869,67,62.46,-114.35,-8.0,2.6
62,mokhsogollokh,100,RU,1603842612,93,61.47,128.92,-13.1,1.76
63,tuktoyaktuk,90,CA,1603842706,85,69.45,-133.04,-10.0,6.2
64,kisaran,80,ID,1603842869,90,2.98,99.62,23.79,0.83
65,laguna,1,US,1603842869,18,38.42,-121.42,23.89,1.5
66,tornio,90,FI,1603842869,100,65.85,24.15,7.0,6.2
67,chuy,100,UY,1603842870,95,-33.7,-53.46,16.75,6.36
68,kapaa,75,US,1603842575,69,22.08,-159.32,28.89,2.6
69,ponca city,1,US,1603842870,68,42.56,-96.71,1.0,3.6
70,waddan,1,LY,1603842870,82,29.16,16.14,18.2,4.68
71,port-cartier,20,CA,1603842591,73,50.03,-66.87,-2.22,3.6
72,talcahuano,75,CL,1603842870,81,-36.72,-73.12,12.0,3.1
73,arraial do cabo,0,BR,1603842871,37,-22.84,-46.65,28.0,4.6
74,port elizabeth,73,CD,1603842864,61,-7.03,29.76,24.35,1.48
75,ust-ordynskiy,0,RU,1603842871,74,52.8,104.75,1.0,4.0
76,alvand,0,IR,1603842871,64,36.32,49.17,6.61,1.49
77,bethel,90,US,1603842720,57,41.37,-73.41,11.0,1.5
78,port alfred,73,CD,1603842871,61,-7.03,29.76,24.35,1.48
79,magan,68,ES,1603842871,67,39.97,-3.93,12.78,3.82
80,sola,35,VU,1603842752,77,-13.88,167.55,26.75,7.98
81,saldanha,100,ZA,1603842872,87,-33.01,17.94,15.0,1.0
82,lata,100,PT,1603842872,95,40.16,-8.33,16.11,2.24
83,punta arenas,76,PH,1603842872,72,8.99,125.34,28.32,0.81
84,vanimo,85,PG,1603842872,61,-2.67,141.3,30.35,0.78
85,talnakh,0,RU,1603842872,82,69.49,88.4,-20.29,2.45
86,havre-saint-pierre,1,CA,1603842781,86,50.23,-63.6,-1.0,2.6
87,tokur,100,RU,1603842873,95,53.13,132.9,-2.34,0.89
88,pangody,0,RU,1603842873,89,65.85,74.49,-18.15,3.3
89,vila velha,100,PT,1603842873,96,42.03,-8.16,12.22,1.34
90,verkhoyansk,84,RU,1603842873,92,67.54,133.38,-15.34,1.1
91,dutse,3,NG,1603842873,24,11.76,9.34,24.21,2.93
92,khatanga,55,RU,1603842873,90,71.97,102.5,-20.74,4.7
93,mount gambier,5,GB,1603842874,92,53.66,-1.85,7.78,2.68
94,mitu,57,CO,1603842874,93,1.2,-70.17,23.95,1.05
95,imeni poliny osipenko,16,NG,1603842874,91,7.32,5.96,22.67,1.06
96,biala podlaska,69,PL,1603842874,93,50.39,17.66,5.0,0.89
97,rezh,87,RU,1603842874,93,57.37,61.4,-3.47,3.92
98,teguldet,100,RU,1603842874,85,57.31,88.17,3.84,4.01
99,mataura,11,NZ,1603842874,64,-46.19,168.86,14.44,1.79
100,muroto,75,JP,1603842875,72,33.28,134.15,17.0,4.1
101,lorengau,95,PG,1603842875,63,-2.02,147.27,29.95,0.47
102,meulaboh,59,ID,1603842875,87,4.14,96.13,24.22,1.9
103,shiyan,100,CN,1603842875,36,32.65,110.78,12.22,3.13
104,asau,8,RO,1603842875,98,46.43,26.4,10.0,0.63
105,mbandaka,99,CD,1603842875,95,0.05,18.26,22.47,1.34
106,beringovskiy,83,RU,1603842876,93,63.05,179.32,-2.41,5.42
107,esperance,64,AU,1603842708,100,-33.87,121.9,17.0,4.6
108,hambantota,73,LK,1603842876,82,6.12,81.12,25.59,2.92
109,nome,90,US,1603842876,86,64.5,-165.41,1.11,2.1
110,pevek,100,RU,1603842717,97,69.7,170.31,-6.42,6.14
111,tenkodogo,4,BF,1603842876,19,11.78,-0.37,26.22,2.88
112,bubaque,44,GW,1603842876,81,11.28,-15.83,27.96,4.94
113,nichinan,75,JP,1603842876,88,31.6,131.37,17.0,2.6
114,tiksi,27,RU,1603842877,90,71.69,128.87,-19.32,5.63
115,port macquarie,77,CD,1603842877,61,-7.03,29.76,24.22,1.6
116,labuhan,100,ID,1603842734,80,-6.88,112.21,27.03,3.82
117,andradas,24,BR,1603842877,73,-22.07,-46.57,20.14,1.73
118,corn island,100,FR,1603842877,97,44.61,1.9,10.56,1.34
119,ostrovnoy,100,RU,1603842877,91,68.05,39.51,6.62,9.88
120,leningradskiy,0,RU,1603842877,89,69.38,178.42,-7.36,7.96
121,almeirim,84,BR,1603842878,65,-1.52,-52.58,27.92,1.4
122,albany,100,US,1603842878,74,42.6,-73.97,8.89,1.73
123,envira,100,BR,1603842878,96,-7.3,-70.22,23.59,0.79
124,vardo,75,NO,1603842878,100,70.37,31.11,2.0,3.6
125,mackay,40,AU,1603842878,69,-21.15,149.2,28.89,4.1
126,nishihara,20,JP,1603842878,61,26.18,127.76,26.0,4.6
127,puerto del rosario,0,ES,1603842878,82,36.59,-6.23,15.0,1.5
128,saint-philippe,0,RE,1603842879,64,-21.36,55.77,22.0,1.5
129,angoche,0,MZ,1603842879,84,-16.23,39.91,24.06,0.34
130,yiyang,95,CN,1603842879,69,28.59,112.33,15.37,3.95
131,shenkursk,99,RU,1603842879,91,62.11,42.9,5.88,4.83
132,bambous virieux,5,MU,1603842879,80,-20.26,57.41,21.11,1.34
133,mandasa,46,IN,1603842880,58,18.87,84.47,23.03,1.51
134,orapa,11,BW,1603842880,28,-21.28,25.37,25.13,5.89
135,atuona,2,PF,1603842880,74,-9.8,-139.03,26.04,8.67
136,upernavik,0,GL,1603842880,79,72.79,-56.15,-8.42,2.63
137,bredasdorp,100,ZA,1603842880,82,-34.53,20.04,17.0,2.1
138,aquiraz,0,BR,1603842761,78,-3.9,-38.39,27.0,3.6
139,hualmay,87,PE,1603842787,85,-11.1,-77.61,17.65,3.11
140,karaton,20,ID,1603842880,83,-6.34,106.1,27.22,2.1
141,lagoa,100,PT,1603842881,61,39.05,-27.98,16.99,2.84
142,pasca,75,CO,1603842881,87,4.31,-74.3,14.0,1.5
143,gorontalo,100,ID,1603842881,59,0.54,123.06,29.35,1.02
144,carnarvon,0,AU,1603842881,73,-24.87,113.63,21.0,10.8
145,pringsewu,96,ID,1603842882,80,-5.36,104.97,24.89,2.14
146,praia,96,CV,1603842882,83,14.92,-23.51,26.0,6.7
147,vestmannaeyjar,42,IS,1603842794,71,63.44,-20.27,4.97,12.18
148,nagato,75,JP,1603842882,76,34.38,131.2,16.0,1.0
149,poum,72,NC,1603842791,73,-20.23,164.02,25.15,5.28
150,puerto ayora,0,ES,1603842882,82,36.59,-6.23,15.0,1.5
151,namibe,70,AO,1603842883,77,-15.2,12.15,21.81,1.94
152,alofi,40,NU,1603842883,73,-19.06,-169.92,25.0,9.8
153,cidreira,98,BR,1603842883,84,-30.18,-50.21,17.71,5.22
154,tocopilla,16,CL,1603842713,61,-22.09,-70.2,15.79,3.37
155,kabalo,79,CD,1603842883,95,-6.05,26.92,20.73,0.9
156,kununurra,98,AU,1603842883,66,-15.77,128.73,30.0,1.5
157,gizo,97,SB,1603842883,70,-8.1,156.84,29.27,1.57
158,rybnoye,36,RU,1603842883,95,54.73,39.51,1.67,4.47
159,georgetown,20,MY,1603842884,94,5.41,100.34,25.0,1.5
160,port augusta,77,CD,1603842884,61,-7.03,29.76,24.22,1.6
161,aykhal,73,RU,1603842884,88,66.0,111.5,-24.53,1.96
162,constitucion,5,CL,1603842884,74,-35.33,-72.42,9.77,3.87
163,sun valley,0,YE,1603842884,42,16.72,44.81,10.02,0.82
164,port-gentil,75,GA,1603842884,88,-0.72,8.78,26.0,3.1
165,senanga,7,ZM,1603842885,31,-16.12,23.27,22.75,2.86
166,buala,9,SB,1603842885,69,-8.14,159.59,29.92,2.39
167,cockburn town,0,AU,1603842885,63,-32.08,141.0,16.0,4.6
168,margate,15,GB,1603842756,82,51.38,1.39,10.56,0.45
169,bathurst,47,AU,1603842778,69,-33.42,149.58,16.11,0.89
170,mys shmidta,100,RU,1603842885,94,62.06,48.62,3.03,3.67
171,pangkalanbuun,100,ID,1603842886,89,-2.68,111.62,25.43,0.63
172,san juan del rio,100,ML,1603842886,18,13.3,-4.9,24.85,0.58
173,broome,90,US,1603842764,75,42.25,-75.83,8.33,1.37
174,sitka,90,US,1603842736,81,57.05,-135.33,8.0,3.1
175,rocha,100,UY,1603842626,88,-34.48,-54.33,14.35,4.89
176,pacific grove,98,US,1603842886,96,38.48,-90.74,3.89,1.91
177,zhigansk,85,RU,1603842886,91,66.77,123.37,-21.67,1.52
178,abu samrah,0,IN,1603842887,35,24.6,72.7,14.96,1.49
179,tazovskiy,0,RU,1603842887,89,67.47,78.7,-19.85,3.53
180,bamako,0,ML,1603842887,68,12.65,-8.0,22.0,2.6
181,kulunda,66,RU,1603842887,87,52.57,78.94,1.05,7.54
182,souillac,4,MU,1603842887,80,-20.52,57.52,21.11,1.34
183,kasempa,9,ZM,1603842888,41,-13.46,25.83,21.63,3.31
184,fort nelson,100,NL,1603842861,92,52.65,6.39,10.56,0.89
185,luderitz,15,NA,1603842888,78,-26.65,15.16,14.0,4.72
186,norman wells,100,US,1603842888,99,35.22,-97.44,0.0,2.1
187,bibbiena,0,IT,1603842888,96,43.7,11.81,10.0,1.07
188,qaqortoq,100,GL,1603842888,99,60.72,-46.03,-1.47,1.77
189,elizabeth city,90,US,1603842889,62,40.66,-74.21,15.0,2.6
190,guanare,7,VE,1603842889,88,9.04,-69.74,24.39,1.19
191,harper,38,LR,1603842889,88,4.38,-7.72,25.5,4.1
192,port keats,73,CD,1603842871,61,-7.03,29.76,24.35,1.48
193,tasiilaq,100,GL,1603842889,91,65.61,-37.64,-3.51,4.22
194,leua,70,SK,1603842889,95,48.22,18.61,12.22,1.94
195,badnawar,0,IN,1603842889,39,23.02,75.22,19.45,1.19
196,erenhot,0,CN,1603842890,63,43.65,111.98,1.57,2.26
197,mayo,90,US,1603842890,82,38.89,-76.51,16.0,2.21
198,santana do matos,0,BR,1603842890,79,-0.06,-51.18,29.0,4.1
199,dikson,100,RU,1603842890,95,73.51,80.55,-13.78,7.38
200,nouadhibou,100,MR,1603842738,60,20.93,-17.03,24.0,8.2
201,ambilobe,1,MG,1603842891,88,-13.2,49.05,21.77,1.31
202,plattsburgh,90,US,1603842874,59,44.7,-73.45,3.0,3.1
203,lonevag,97,NO,1603842891,85,60.53,5.49,8.33,2.68
204,qaanaaq,94,GL,1603842720,79,77.48,-69.36,-11.75,6.03
205,thompson,75,CA,1603842891,62,55.74,-97.86,-4.0,3.6
206,grindavik,0,IS,1603842891,55,63.84,-22.43,4.0,11.8
207,cam ranh,0,AR,1603842891,25,-38.98,-67.82,17.0,5.7
208,riyadh,0,SA,1603842845,36,24.69,46.72,17.0,1.18
209,benguela,16,AO,1603842892,81,-12.58,13.41,23.47,2.52
210,kaitangata,2,NZ,1603842892,56,-46.28,169.85,12.76,2.98
211,hasaki,75,JP,1603842892,87,35.73,140.83,16.11,2.1
212,narsaq,100,GL,1603842716,97,60.92,-46.05,-1.03,1.69
213,ponta do sol,89,PT,1603842892,66,38.73,-28.27,15.13,1.82
214,edson,75,CA,1603842615,52,53.58,-116.44,8.0,14.9
215,vitim,73,RU,1603842892,91,59.45,112.56,-10.95,1.1
216,bad kreuznach,70,DE,1603842893,78,47.63,9.83,6.67,5.81
217,anloga,40,GH,1603842893,88,5.79,0.9,27.0,1.5
218,chumikan,100,RU,1603842893,89,54.72,135.31,3.09,6.72
219,kavieng,92,PG,1603842893,65,-2.57,150.8,29.3,1.14
220,kloulklubed,75,PW,1603842893,83,7.04,134.26,28.0,1.5
221,huarmey,100,PE,1603842894,83,-10.07,-78.15,17.93,3.11
222,olavarria,53,AR,1603842894,73,-36.89,-60.32,14.31,2.24
223,aklavik,90,CA,1603842894,85,68.22,-135.01,-11.0,2.35
224,andapa,25,MG,1603842894,90,-14.65,49.65,17.55,0.87
225,san rafael,100,ML,1603842886,18,13.3,-4.9,24.85,0.58
226,nanning,0,CN,1603842894,88,22.82,108.32,21.0,3.0
227,syedove,57,UA,1603842895,100,47.08,38.16,10.0,9.39
228,sehithwa,23,BW,1603842895,21,-20.47,22.72,26.45,5.48
229,palmer,100,US,1603842895,87,42.16,-72.33,10.0,1.05
230,stornoway,100,GB,1603842895,93,58.21,-6.39,6.0,1.0
231,lavrentiya,96,RU,1603842707,91,65.58,-171.0,-0.68,4.14
232,suntar,100,RU,1603842895,89,62.14,117.63,-8.85,1.61
233,polonnaruwa,27,LK,1603842895,91,7.93,81.0,23.47,0.65
234,victoria,57,HK,1603842877,73,22.29,114.16,25.0,9.04
235,bilma,0,NE,1603842896,24,18.69,12.92,20.65,1.61
236,oistins,20,BB,1603842639,83,13.07,-59.53,27.0,6.7
237,qandala,22,SO,1603842896,57,11.47,49.87,23.6,1.28
238,airai,27,TL,1603842896,75,-8.93,125.41,21.27,1.14
239,clyde river,100,US,1603842896,94,41.3,-82.98,5.56,0.52
240,jumla,0,NP,1603842896,50,29.27,82.18,5.57,2.29
241,keskin,0,TR,1603842897,37,39.67,33.61,17.22,0.85
242,kruisfontein,23,ZA,1603842897,95,-34.0,24.73,15.0,3.84
243,nyurba,100,RU,1603842897,87,63.28,118.33,-11.37,1.73
244,rizhao,97,CN,1603842897,49,35.43,119.46,13.91,5.4
245,flinders,84,AU,1603842897,78,-34.58,150.86,19.44,0.45
246,tautira,75,PF,1603842897,78,-17.73,-149.15,28.0,8.7
247,hithadhoo,93,MV,1603842898,66,-0.6,73.08,28.68,4.81
248,seoul,100,KR,1603842898,100,37.57,126.98,10.0,1.0
249,morgan city,90,US,1603842898,86,39.72,-90.22,4.44,1.26
250,san pedro,100,ML,1603842873,18,13.3,-4.9,24.85,0.58
251,kibala,0,TD,1603842899,88,9.11,18.35,25.0,1.49
252,makaha,1,US,1603842899,69,21.47,-158.22,28.0,3.4
253,korla,0,CN,1603842900,93,41.76,86.15,3.89,2.06
254,ankang,100,CN,1603842900,85,32.68,109.02,12.35,0.65
255,sambava,6,MG,1603842900,87,-14.27,50.17,21.57,3.34
256,portland,20,US,1603842865,51,45.52,-122.68,15.0,1.27
257,argostolion,100,GR,1603842900,75,38.18,20.49,18.49,3.62
258,san diego,100,ML,1603842900,18,13.3,-4.9,25.02,0.91
259,panorama,1,GR,1603842901,83,40.59,23.03,16.11,1.41
260,fortuna,1,US,1603842901,48,40.6,-124.16,18.33,4.6
261,tuatapere,10,NZ,1603842901,64,-46.13,167.68,14.44,1.79
262,manokwari,99,ID,1603842901,64,-0.87,134.08,29.32,0.39
263,sao felix do xingu,0,IN,1603842862,50,20.51,76.21,19.38,1.07
264,nanortalik,100,GL,1603842902,90,60.14,-45.24,-0.88,1.9
265,melilla,1,ES,1603842870,47,35.29,-2.94,15.0,2.1
266,bur gabo,91,DK,1603842902,95,56.37,8.43,8.89,1.34
267,altay,11,CN,1603842902,69,47.87,88.12,1.75,0.41
268,safford,40,US,1603842902,65,32.83,-109.71,8.0,2.1
269,coihaique,90,CL,1603842903,93,-45.58,-72.07,5.0,3.6
270,dali,10,CN,1603842903,86,25.7,100.18,13.42,0.38
271,bideford,28,GB,1603842903,90,51.02,-4.2,10.0,4.02
272,adrar,0,MR,1603842903,16,20.5,-10.07,28.41,5.12
273,gondanglegi,100,ID,1603842903,80,-7.75,112.01,26.14,5.45
274,coihueco,75,CL,1603842903,62,-36.62,-71.83,13.0,3.6
275,bassano,100,CA,1603842904,78,50.78,-112.47,3.34,3.19
276,tucurui,100,BR,1603842904,86,-3.77,-49.67,25.23,3.02
277,tarauaca,96,BR,1603842904,69,-8.16,-70.77,27.26,0.75
278,kasongo-lunda,100,CD,1603842904,92,-6.47,16.82,21.8,0.8
279,vila franca do campo,100,PT,1603842784,96,42.03,-8.16,12.22,1.34
280,straubing,45,DE,1603842904,10,48.88,12.57,4.44,2.83
281,siilinjarvi,100,FI,1603842904,93,63.08,27.67,9.0,1.0
282,mahebourg,3,MU,1603842905,80,-20.41,57.7,21.11,1.34
283,marsh harbour,5,GB,1603842905,92,53.65,-1.81,7.78,2.68
284,dukat,3,RU,1603842905,80,62.55,155.55,-9.56,1.54
285,cahir,39,IE,1603842905,85,52.38,-7.92,8.33,1.34
286,atar,0,MR,1603842905,21,20.52,-13.05,28.9,4.24
287,phonhong,40,LA,1603842906,100,18.5,102.42,21.0,1.0
288,soligalich,92,RU,1603842906,90,59.08,42.29,4.34,4.48
289,kailua,40,US,1603842906,69,21.4,-157.74,27.0,2.07
290,hobyo,10,SO,1603842906,81,5.35,48.53,26.04,3.68
291,kaeo,83,NZ,1603842906,71,-35.1,173.78,19.91,2.26
292,borzya,0,RU,1603842907,87,50.38,116.52,-6.08,2.15
293,chabahar,0,IR,1603842907,53,25.29,60.64,23.19,3.21
294,meadow lake,35,US,1603842907,75,45.53,-102.22,2.78,6.34
295,miri,20,MY,1603842907,94,4.41,114.01,25.0,1.5
296,mandera,86,KE,1603842907,73,3.94,41.87,25.75,7.23
297,taguatinga,35,BR,1603842907,63,-12.39,-46.57,26.05,2.26
298,antofagasta,75,CL,1603842759,77,-23.65,-70.4,16.0,6.7
299,gouyave,20,GD,1603842908,78,12.16,-61.73,27.0,2.6
300,provideniya,90,RU,1603842908,95,64.38,-173.3,0.0,5.0
301,ardesen,0,TR,1603842908,55,41.19,40.99,17.0,7.2
302,baoding,90,CN,1603842908,40,38.85,115.49,9.9,1.68
303,wuppertal,100,DE,1603842908,89,51.27,7.18,12.78,5.16
304,codrington,48,AU,1603842908,75,-38.27,141.97,15.54,2.47
305,mwene-ditu,89,CD,1603842909,93,-7.0,23.45,19.25,0.97
306,sananduva,25,BR,1603842909,85,-27.95,-51.81,14.35,1.77
307,ardakan,0,IR,1603842909,24,32.31,54.02,13.0,2.1
308,ilebo,98,CD,1603842910,96,-4.32,20.58,22.37,1.26
309,hit,0,IQ,1603842910,23,33.64,42.83,20.4,3.05
310,isangel,22,VU,1603842910,69,-19.55,169.27,26.51,7.19
311,pochutla,75,MX,1603842910,83,15.74,-96.47,26.11,0.4
312,ialibu,100,PG,1603842910,83,-6.28,143.99,18.12,1.41
313,ucluelet,90,CA,1603842761,100,48.93,-125.55,11.11,1.5
314,lae,33,PG,1603842910,56,-6.72,146.98,31.36,0.53
315,culiacancito,5,MX,1603842910,33,24.82,-107.53,31.0,6.2
316,dingle,66,PH,1603842911,80,11.0,122.67,27.48,0.97
317,dekalb,40,US,1603842907,94,33.75,-84.23,21.11,2.57
318,ilulissat,71,GL,1603842911,89,69.22,-51.1,-13.83,1.34
319,assiros,3,GR,1603842911,80,40.82,23.03,16.11,1.15
320,torbay,90,CA,1603842783,100,47.67,-52.73,4.0,5.7
321,humaita,97,BR,1603842911,95,-7.51,-63.02,24.54,0.15
322,rawson,71,AR,1603842912,33,-43.3,-65.1,15.29,5.58
323,ariquemes,53,BR,1603842912,93,-9.91,-63.04,23.94,2.65
324,alice springs,90,US,1603842912,87,27.75,-98.07,12.0,5.1
325,grand river south east,1,US,1603842912,35,38.88,-109.5,6.0,1.5
326,uray,73,RU,1603842912,96,60.12,64.78,-6.38,1.76
327,yining,46,CN,1603842912,85,29.04,114.56,16.53,1.0
328,beni mazar,100,CD,1603842913,100,0.5,29.47,17.7,1.09
329,hirna,21,ET,1603842913,38,9.22,41.1,13.89,1.24
330,deputatskiy,64,RU,1603842913,93,69.3,139.9,-17.67,2.55
331,longyearbyen,75,SJ,1603842733,95,78.22,15.64,0.0,2.1
332,moerai,100,PF,1603842913,90,-22.43,-151.33,24.02,10.34
333,bardsir,0,IR,1603842914,25,29.92,56.57,5.0,3.1
334,kuandian,0,CN,1603842914,59,40.73,124.78,5.77,1.5
335,banyo,39,CM,1603842914,79,6.75,11.82,19.0,1.15
336,wanaka,96,NZ,1603842914,50,-44.7,169.15,14.39,1.09
337,chimbote,90,PE,1603842863,88,-9.09,-78.58,17.01,3.0
338,srednekolymsk,99,RU,1603842914,89,67.45,153.68,-9.26,2.89
339,igrim,100,RU,1603842915,97,63.19,64.42,-6.64,2.43
340,san policarpo,100,ML,1603842900,18,13.3,-4.9,25.02,0.91
341,berlevag,100,NO,1603842915,91,70.86,29.09,3.61,2.7
342,hohhot,0,CN,1603842915,62,40.81,111.65,-6.0,2.0
343,san patricio,100,ML,1603842900,18,13.3,-4.9,25.02,0.91
344,yarada,99,IN,1603842915,60,17.65,83.27,26.95,3.63
345,pangai,6,TO,1603842916,77,-19.8,-174.35,23.69,11.4
346,etchojoa,0,MX,1603842916,23,26.92,-109.63,23.89,3.58
347,mehamn,100,NO,1603842916,82,71.04,27.85,2.46,2.31
348,chicama,72,PE,1603842916,78,-7.84,-79.15,18.53,2.36
349,kijang,100,KR,1603842648,71,35.24,129.21,14.0,2.1
350,razdolinsk,100,RU,1603842916,98,58.42,94.67,-1.03,3.0
351,leshukonskoye,100,RU,1603842916,97,64.9,45.76,4.23,4.51
352,cacule,100,BR,1603842917,82,-14.5,-42.22,23.37,0.91
353,buraydah,0,SA,1603842917,27,26.33,43.98,18.0,1.5
354,crab hill,90,US,1603842917,88,37.27,-76.49,18.0,1.5
355,qasigiannguit,67,GL,1603842917,92,68.82,-51.19,-14.58,1.03
356,dire dawa,100,ML,1603842917,42,12.28,-10.97,23.3,1.16
357,zenzeli,1,RU,1603842918,76,45.92,47.05,6.68,6.29
358,bushehr,0,IR,1603842918,56,28.97,50.84,23.91,0.98
359,lazaro cardenas,13,DO,1603842918,91,19.46,-71.33,23.89,0.45
360,craig,1,US,1603842918,58,40.52,-107.55,1.0,0.47
361,ponta delgada,89,PT,1603842892,66,38.73,-28.27,15.13,1.82
362,bagdarin,61,RU,1603842918,84,54.43,113.6,-8.81,0.45
363,krasnoarmeysk,30,RU,1603842918,72,51.02,45.7,0.56,0.89
364,bandar,100,ID,1603842919,85,2.05,99.75,22.74,1.04
365,yenagoa,99,NG,1603842919,94,4.92,6.26,24.79,1.25
366,turukhansk,53,RU,1603842919,86,65.82,87.98,-15.93,8.34
367,valle del guamuez,92,NO,1603842919,81,59.21,7.54,5.01,2.83
368,grand gaube,1,US,1603842919,35,38.88,-109.5,6.0,1.5
369,foix,91,FR,1603842919,47,42.83,1.58,13.89,1.46
370,sassandra,75,CI,1603842920,90,4.95,-6.08,25.09,3.11
371,dunedin,6,NZ,1603842715,68,-45.87,170.5,12.22,8.94
372,kavaratti,88,IN,1603842920,76,10.57,72.64,27.27,3.24
373,katsuura,75,JP,1603842920,72,35.13,140.3,18.89,2.6
374,san martin,100,ML,1603842886,18,13.3,-4.9,24.85,0.58
375,tahoua,0,NE,1603842921,29,14.89,5.27,25.0,1.0
376,barcelona,20,ES,1603842468,66,41.39,2.16,16.11,2.6
377,college,75,US,1603842921,86,64.86,-147.8,-1.67,2.1
378,danilovka,96,RU,1603842675,80,50.36,44.12,1.09,4.26
379,montreal,20,CA,1603842834,64,45.51,-73.59,2.22,2.6
380,cayenne,0,GF,1603842922,78,4.93,-52.33,28.0,2.1
381,roanne,70,FR,1603842922,76,46.0,4.0,12.0,2.6
382,vilyuysk,100,RU,1603842922,92,63.76,121.62,-16.53,0.74
383,yulara,0,AU,1603842922,17,-25.24,130.99,24.0,3.1
384,kilindoni,3,TZ,1603842922,83,-7.91,39.67,25.59,4.51
385,naze,75,JP,1603842923,69,28.37,129.48,25.0,4.6
386,mount isa,5,GB,1603842923,92,53.66,-1.85,7.78,2.68
387,bengkulu,100,ID,1603842667,79,-3.8,102.27,25.33,1.35
388,ahipara,52,NZ,1603842923,61,-35.17,173.17,20.94,1.57
389,smithers,75,CA,1603842923,87,54.78,-127.17,6.0,2.1
390,gimli,100,CA,1603842923,98,50.63,-96.99,0.56,1.79
391,bom jesus,11,ML,1603842923,16,14.95,-2.93,26.55,2.19
392,bosaso,4,SO,1603842924,64,11.28,49.18,21.69,0.64
393,chateaubelair,75,VC,1603842924,88,13.28,-61.25,27.0,4.1
394,nemuro,75,JP,1603842924,76,43.32,145.57,10.0,1.0
395,fare,76,PF,1603842783,81,-16.7,-151.02,26.9,8.48
396,salalah,20,OM,1603842924,69,17.02,54.09,25.0,1.0
397,cabra,0,ES,1603842924,87,37.47,-4.44,10.0,1.21
398,connersville,100,US,1603842726,92,39.64,-85.14,8.33,1.85
399,yatou,62,CN,1603842925,44,37.15,122.38,14.06,4.15
400,imbituba,20,BR,1603842925,88,-28.24,-48.67,20.0,2.6
401,woodland,1,US,1603842647,19,38.68,-121.77,25.0,2.6
402,omboue,100,GA,1603842925,86,-1.57,9.26,24.94,1.6
403,fukue,75,JP,1603842925,82,32.69,128.84,18.0,1.5
404,dodge city,1,US,1603842925,95,43.42,-88.7,1.0,1.5
405,okato,100,NZ,1603842925,94,-39.2,173.88,14.44,2.68
406,qazvin,0,IR,1603842926,65,36.28,50.0,8.0,2.52
407,lock haven,90,US,1603842926,100,40.27,-82.61,7.78,2.1
408,abay,90,KZ,1603842926,92,49.63,72.85,-3.0,7.0
409,taoudenni,2,ML,1603842926,16,22.68,-3.98,27.84,3.26
410,karasjok,100,NO,1603842927,93,69.47,25.51,0.0,6.7
411,presidente medici,91,BR,1603842927,83,-29.95,-50.11,17.82,3.63
412,taitung,75,TW,1603842927,73,22.76,121.14,24.0,2.6
413,sangmelima,52,CM,1603842927,96,2.93,11.98,19.85,0.46
414,lingao,100,CN,1603842927,83,19.91,109.69,24.74,10.93
415,bathsheba,20,BB,1603842928,83,13.22,-59.52,27.0,6.7
416,seymchan,26,RU,1603842928,92,62.88,152.43,-10.19,1.18
417,kankon,36,IN,1603842928,74,15.02,74.02,24.42,2.27
418,gat,56,IL,1603842928,100,31.61,34.76,24.44,1.99
419,toora-khem,13,RU,1603842928,93,52.47,96.11,-3.44,1.03
420,xichang,89,CN,1603842928,77,27.9,102.26,16.43,0.36
421,kathmandu,20,NP,1603842924,100,27.72,85.32,13.0,1.0
422,tartagal,0,AR,1603842630,39,-22.52,-63.8,24.98,2.52
423,hays,95,US,1603842929,96,30.05,-98.03,5.0,3.58
424,djibo,82,BF,1603842929,14,14.1,-1.63,27.9,3.09
425,yekaterinoslavka,41,RU,1603842929,90,50.37,129.11,0.63,2.49
426,ruteng,100,ID,1603842930,89,-8.61,120.47,21.47,0.87
427,boa vista,86,CM,1603842930,88,4.43,8.97,24.67,0.28
428,gabu,43,GW,1603842930,46,12.28,-14.22,23.31,0.31
429,guerrero negro,100,MX,1603842930,81,17.67,-100.0,21.66,0.54
430,payo,99,ID,1603842930,87,-3.75,103.64,23.46,0.59
431,sarrebourg,90,FR,1603842931,71,48.73,7.05,11.0,4.6
432,yuanli,20,TW,1603842931,78,24.44,120.65,24.44,1.0
433,ereymentau,49,KZ,1603842931,97,51.62,73.1,-2.88,8.66
434,smolensk,23,RU,1603842931,82,55.0,33.0,6.58,3.21
435,surgut,0,RU,1603842873,92,61.25,73.42,-12.0,4.0
436,tulsipur,0,NP,1603842931,52,28.13,82.3,16.5,2.17
437,beyla,47,GN,1603842931,73,8.68,-8.63,20.44,0.65
438,svetlogorsk,6,BY,1603842751,85,52.63,29.73,7.54,3.19
439,huangchuan,100,CN,1603842932,57,32.13,115.04,15.82,4.51
440,khor,98,RU,1603842932,78,47.89,134.95,4.45,2.69
441,brae,19,GB,1603842932,81,60.4,-1.35,9.0,5.7
442,ganzhou,16,CN,1603842932,77,28.82,115.43,18.61,3.82
443,wajir,87,KE,1603842932,67,1.75,40.06,25.8,6.79
444,rovaniemi,90,FI,1603842933,100,66.5,25.72,3.0,2.6
445,tecoanapa,62,MX,1603842933,83,16.52,-98.75,27.65,3.69
446,rockingham,100,US,1603842933,65,42.97,-71.1,8.33,2.76
447,khandagayty,14,RU,1603842933,86,50.73,92.05,-4.07,1.48
448,outlook,100,CA,1603842795,74,51.5,-107.05,7.59,5.18
449,kahului,40,US,1603842781,62,20.89,-156.47,30.0,4.1
450,xining,37,CN,1603842934,94,36.62,101.77,-1.23,0.57
451,bakchar,100,RU,1603842934,95,57.02,82.07,1.48,3.19
452,novosheshminsk,98,RU,1603842934,91,55.07,51.23,-0.22,2.19
453,jamame,81,SO,1603842934,86,0.07,42.75,25.3,3.1
454,macomer,20,IT,1603842934,87,40.26,8.77,13.0,1.5
455,haimen,0,CN,1603842934,94,23.19,116.61,20.0,9.26
456,coquimbo,0,CL,1603842860,82,-29.95,-71.34,13.0,5.1
457,sinnamary,20,GF,1603842935,80,5.38,-52.95,26.88,4.67
458,babati,53,TZ,1603842935,89,-4.22,35.75,16.83,1.12
459,olafsvik,96,IS,1603842767,71,64.89,-23.71,3.95,8.04
460,dickson,90,US,1603842825,93,36.08,-87.39,16.67,3.06
461,dodola,21,ET,1603842935,76,6.98,39.18,8.74,1.06
462,romitan,0,UZ,1603842936,51,39.93,64.38,4.0,5.1
463,vinukonda,83,IN,1603842936,78,16.05,79.75,22.0,1.8
464,chiredzi,0,ZW,1603842936,54,-21.05,31.67,21.45,2.3
465,hofn,100,IS,1603842936,81,64.25,-15.21,3.48,9.52
466,mwinilunga,63,ZM,1603842936,76,-11.74,24.43,18.68,0.67
467,mecca,0,SA,1603842937,63,21.43,39.83,22.74,0.56
468,nadym,0,RU,1603842937,90,65.53,72.52,-17.05,2.77
469,boshnyakovo,38,RU,1603842937,69,49.63,142.17,5.25,1.79
470,mantua,0,IT,1603842937,93,45.17,10.78,8.33,2.1
471,metro,99,ID,1603842937,82,-5.11,105.31,25.29,2.79
472,sarakhs,0,IR,1603842937,57,36.54,61.16,10.0,1.0
473,suileng,0,CN,1603842938,85,47.25,127.08,0.38,3.56
474,annau,0,TM,1603842938,61,37.89,58.52,9.0,2.1
475,sobolevo,11,RU,1603842748,85,54.43,31.9,6.38,4.31
476,esna,0,EG,1603842938,57,25.29,32.55,25.0,4.15
477,roald,88,NO,1603842739,75,62.58,6.13,8.0,3.6
478,yar-sale,50,RU,1603842938,92,66.83,70.83,-16.6,2.45
479,pangnirtung,0,CA,1603842727,76,66.15,-65.71,-12.82,1.83
480,casper,1,US,1603842872,44,42.87,-106.31,4.0,9.8
481,teya,100,RU,1603842939,95,60.38,92.63,-3.62,4.73
482,xinye,98,CN,1603842939,48,32.52,112.35,15.37,2.28
483,shimoda,40,JP,1603842939,72,34.67,138.95,18.0,4.1
484,manbij,0,SY,1603842939,36,36.53,37.95,16.0,0.5
485,bonavista,100,CA,1603842939,83,48.65,-53.11,3.33,1.34
486,birobidzhan,99,RU,1603842940,86,48.8,132.95,3.75,0.59
487,khorixas,57,NA,1603842940,20,-20.37,14.97,23.87,5.08
488,panama city,40,PA,1603842940,79,9.0,-80.0,29.0,2.1
489,smolenka,37,RU,1603842940,85,52.14,113.5,-8.0,0.58
490,herat,0,AF,1603842940,49,34.5,62.0,7.84,4.94
491,newport,1,GB,1603842648,94,51.59,-3.0,8.33,0.45
492,petropavlovsk-kamchatskiy,84,RU,1603842941,75,53.05,158.65,6.0,2.0
493,camacha,75,PT,1603842941,68,33.08,-16.33,19.0,3.47
494,sorong,100,ID,1603842941,79,-0.88,131.25,27.51,3.04
495,tuburan,75,PH,1603842941,74,6.64,122.27,28.0,2.6
496,kuito,80,AO,1603842941,75,-12.38,16.93,18.09,1.32
497,barcelos,75,PT,1603842941,100,41.54,-8.62,15.0,1.0
498,araouane,0,ML,1603842942,14,18.9,-3.53,29.18,1.36
499,birjand,0,IR,1603842942,23,32.87,59.22,4.0,3.1
500,nuuk,0,GL,1603842942,79,64.18,-51.72,-4.44,2.68
501,hope,90,US,1603842942,87,33.67,-93.59,12.78,2.1
502,salvador,20,SV,1603842872,100,13.83,-88.92,27.0,3.6
503,masty,53,BY,1603842942,87,53.41,24.54,11.45,5.29
504,manavgat,40,TR,1603842942,68,36.79,31.44,20.0,1.5
505,pishva,0,IR,1603842943,42,35.31,51.73,17.0,0.74
506,halifax,70,CA,1603842833,90,44.65,-63.57,4.44,0.89
507,makurdi,0,NG,1603842943,79,7.74,8.51,24.72,1.39
508,hauterive,0,FR,1603842943,71,46.09,3.45,12.0,5.7
509,ugoofaaru,9,MV,1603842943,75,5.67,73.0,27.97,3.29
510,alihe,4,CN,1603842944,87,50.57,123.72,-3.05,5.02
511,palana,68,RU,1603842944,84,59.12,159.97,1.73,2.7
512,gigmoto,33,PH,1603842944,75,13.78,124.39,28.58,0.21
513,farafangana,3,MG,1603842944,88,-22.82,47.83,21.43,1.2
514,ilhabela,47,BR,1603842676,87,-23.78,-45.36,22.65,3.33
515,saku,75,JP,1603842944,87,36.22,138.48,12.78,0.5
516,sovetskaya,49,RU,1603842945,81,44.78,41.17,10.88,7.55
517,beloha,18,MG,1603842945,85,-25.17,45.05,21.09,6.14
518,touros,40,BR,1603842730,83,-5.2,-35.46,26.0,4.1
519,lodhikheda,20,IN,1603842945,82,21.58,78.83,19.0,1.08
520,whitehorse,75,CA,1603842945,87,60.72,-135.05,0.0,1.0
521,ocampo,62,MX,1603842946,42,21.65,-101.5,19.27,3.9
522,jorochito,18,BO,1603842946,56,-18.05,-63.43,24.16,2.11
523,scarborough,30,GB,1603842946,85,54.28,-0.4,7.22,2.68
524,chegdomyn,98,RU,1603842946,90,51.12,133.02,1.61,0.76
525,kisoro,97,UG,1603842946,91,-1.29,29.68,14.64,1.1
526,senekal,20,ZA,1603842946,43,-28.32,27.62,18.68,2.21
527,carutapera,74,BR,1603842947,83,-1.2,-46.02,25.63,2.99
528,nago,20,JP,1603842833,61,26.59,127.98,26.0,4.6
529,sturgis,90,US,1603842947,93,41.8,-85.42,4.44,1.77
530,mangan,0,IN,1603842947,27,27.52,88.53,17.5,2.64
531,igarka,0,RU,1603842947,87,67.47,86.58,-18.36,3.76
532,tura,0,IN,1603842727,88,25.52,90.22,19.79,1.85
533,bandiagara,9,ML,1603842948,15,14.35,-3.61,27.27,4.23
534,hovd,49,MN,1603842948,76,48.01,91.64,-1.45,0.73
535,pascagoula,90,US,1603842948,83,30.37,-88.56,27.0,3.1
536,termiz,98,UZ,1603842948,34,37.22,67.28,12.0,5.1
537,asfi,0,MA,1603842948,70,32.3,-9.24,16.7,7.7
538,arman,0,RU,1603842948,76,59.7,150.17,0.42,2.05
539,warrensburg,90,US,1603842684,99,38.76,-93.74,0.56,1.18
540,liverpool,40,GB,1603842695,87,53.41,-2.98,9.44,5.7
541,puerto escondido,0,ES,1603842949,82,36.59,-6.23,15.0,1.5
542,ikare,41,NG,1603842949,89,7.49,5.23,22.75,1.02
543,cabedelo,20,BR,1603842949,78,-6.98,-34.83,26.0,4.1
544,prieska,45,ZA,1603842949,21,-29.66,22.75,22.41,2.34
